<?xml version="1.0" encoding="UTF-8"?>
<!--
    Licensed Materials - Property of IBM
    5725-I43 (C) Copyright IBM Corp. 2011, 2013, 2015. All Rights Reserved.
    US Government Users Restricted Rights - Use, duplication or
    disclosure restricted by GSA ADP Schedule Contract with IBM Corp.
-->
<nativeAndroidApp id="BusinessListing_Android" platformVersion="7.1.11"
	version="1.0" xmlns="http://www.worklight.com/native-android-descriptor">
	
	<displayName>BusinessListing_Android</displayName>
	<description>An application to manage store reviews, store locations and ratings from the employee.</description>
	<publicSigningKey></publicSigningKey>
	<packageName></packageName>
	<accessTokenExpiration>3600</accessTokenExpiration>
	<userIdentityRealms></userIdentityRealms>
	<!-- 
        Define the license app type for determining number of tokens to be allocated. 
        Possible values are 'APPLICATION', 'ADDITIONAL_BRAND_DEPLOYMENT', 'NON_PRODUCTION'.
     -->
	<licenseAppType>APPLICATION</licenseAppType>
	<!-- 
        Define the target category for generating ADDRESSABLE DEVICE license reports. 
        Possible values are 'UNDEFINED', 'B2E', 'B2C'.
     -->
    <targetCategory>UNDEFINED</targetCategory>
 	
</nativeAndroidApp>